keyword,language,topic,topicColor,keywordColor,limitPages,ratioNew,continent,geonames,latitude,longitude,geotype,country,ipcc
'Bolivien',de,Bolivia,#24c215,#24c215,1,0.89,SOUTH-AMERICA,3923057,-17.0,-65.0,A,Bolivia,SAM
'Heard-Insel',de,Heard Island and McDonald Islands,#A67724,#A67724,1,0.89,SOUTHERN,1547314,-53.11711,73.50952,A,Heard Island and McDonald Islands,SOO
'Ostjerusalem',de,Palestinian Territory,#5a96ec,#5a96ec,1,0.89,EUROPE-AFRICA,7303419,31.78336,35.23388,P,Palestinian Territory,MED
'Myanmar',de,Myanmar,#a744ea,#a744ea,2,0.89,ASIA,1327865,21.0,96.0,A,Myanmar,SAS
'McDonald-Inseln',de,Heard Island and McDonald Islands,#A67724,#A67724,1,0.89,SOUTHERN,1547314,-53.11711,73.50952,A,Heard Island and McDonald Islands,SOO
'Britische Jungferninseln',de,British Virgin Islands,#4ce93f,#4ce93f,2,0.89,CENTRAL-AMERICA,3577718,18.5,-64.5,A,Britische Jungferninseln,CAR
'Port-aux-Francais',de,French Southern Territories,#210e80,#210e80,1,0.89,SOUTHERN,1546102,-49.34916,70.21937,P,French Southern Territories,SOO
'Türkei',de,Turkey,#F547D7,#F547D7,3,0.879738502204,EUROPE-AFRICA,323786,39.91987,32.85427,P,Turkey,MED
'Ankara',de,Turkey,#6aa6ee,#6aa6ee,3,0.87515394732,EUROPE-AFRICA,323786,39.91987,32.85427,P,Turkey,MED
'Naypyidaw',de,Myanmar,#00E52D,#00E52D,2,0.865450045,ASIA,1327865,21.0,96.0,A,Myanmar,SAS
'Nay Pyi Taw',de,Myanmar,#00E52D,#00E52D,2,0.865450045,ASIA,1327865,21.0,96.0,A,Myanmar,SAS
'Antarktis',de,Antarctica,#073546,#073546,3,0.839387797477,POLAR,6255152,-78.15856,16.40626,L,Antarctica,EAN
'Malediven',de,Maldives,#B2DAB1,#B2DAB1,3,0.83475087,INDIAN,1282028,3.2,73.0,A,Maldives,EIO
'Male',de,Maldives,#B2DAB1,#B2DAB1,2,0.101939126927,INDIAN,1282028,3.2,73.0,A,Maldives,EIO
'Palästinensisches Gebiet',de,Palestinian Territory,#BC87DE,#BC87DE,2,0.816350135,EUROPE-AFRICA,7303419,31.78336,35.23388,P,Palestinian Territory,MED
'Vatikan',de,Vatican,#6ed4ee,#6ed4ee,2,0.811513592948,EUROPE-AFRICA,3164670,41.90225,12.4533,A,Vatican,MED
'Reunion',de,Reunion,#A9621E,#A9621E,3,0.783587533636,INDIAN,935264,-20.88231,55.4504,P,Réunion,SIO
'Tokelau',de,Tokelau,#d23017,#d23017,2,0.782128240109,PACIFIC,4031074,-9.167,-171.83,A,Tokelau,EPO
'Weihnachtsinsel',de,Christmas Island,#a317d0,#a317d0,2,0.766666666667,INDIAN,2078138,-10.5,105.66667,A,Christmas Island,SIO
'Flying Fish Cove',de,Christmas Island,#a417d0,#a417d0,2,0.766666666667,INDIAN,2078127,-10.42172,105.67912,P,Christmas Island,SIO
'Saba',de,Bonaire; Saint Eustatius and Saba ,#B949C3,#B949C3,1,0.76500015,CENTRAL-AMERICA,7626844,12.21286,-68.29445,A,"Bonaire, Sint Eustatius, and Saba",CAR
'Road Town',de,British Virgin Islands,#59BF10,#59BF10,1,0.76500003,CENTRAL-AMERICA,3577718,18.5,-64.5,A,British Virgin Islands,CAR
'Französische Südgebiete',de,French Southern Territories,#377C29,#377C29,1,0.765,SOUTHERN,1546102,-49.34916,70.21937,P,French Southern Territories,SOO
'Heard-Insel und McDonald-Inseln',de,Heard Island and McDonald Islands,#A67724,#A67724,1,0.76,SOUTHERN,1547314,-53.11711,73.50952,A,Heard Island and McDonald Islands,SOO
'Bonaire; Heiliger Eustatius und Saba',de,Bonaire; Saint Eustatius and Saba ,#B949C3,#B949C3,1,0.765,CENTRAL-AMERICA,7626844,12.21286,-68.29445,A,"Bonaire, Sint Eustatius, and Saba",CAR
'Heiliger Eustatius',de,Bonaire; Saint Eustatius and Saba ,#B949C3,#B949C3,1,0.765,CENTRAL-AMERICA,7626844,12.21286,-68.29445,A,"Bonaire, Sint Eustatius, and Saba",CAR
'Bonaire',de,Bonaire; Saint Eustatius and Saba ,#B949C3,#B949C3,1,0.765,CENTRAL-AMERICA,7626844,12.21286,-68.29445,A,"Bonaire, Sint Eustatius, and Saba",CAR
'Kleinere vorgelagerte Inseln der Vereinigten Staaten',de,United States Minor Outlying Islands,#7A7B38,#7A7B38,1,0.765,PACIFIC,5854968,5.875,-162.057,A,U.S. Outlying Islands,EPO
'Saint Eustatius',de,Bonaire; Saint Eustatius and Saba ,#B949C3,#B949C3,1,0.765,CENTRAL-AMERICA,7626844,12.21286,-68.29445,A,"Bonaire, Sint Eustatius, and Saba",CAR
'Vatikanstadt',de,Vatican,#6ed4ee,#6ed4ee,2,0.739062533919,EUROPE-AFRICA,3164670,41.90225,12.4533,A,Vatican,MED
'Westinsel',de,Cocos Islands,#bae7f7,#bae7f7,1,0.7225,ARCTIC,2728573,78.75,16.0,T,Spitzbergen und Jan Mayen,ARO
'Grytviken',de,South Georgia and the South Sandwich Islands,#0d7636,#0d7636,1,0.7225,SOUTHERN,3426466,-54.28111,-36.5092,P,South Georgia and the South Sandwich Islands,SOO
'Kokosinseln',de,Cocos Islands,#8616cc,#8616cc,1,0.7225,INDIAN,1547376,-12.1642,96.87332,A,Kokosinseln,SIO
'Adamstown',de,Pitcairn,#b29713,#b29713,1,0.7225,PACIFIC,4030723,-25.06597,-130.10147,P,Pitcairn,SPO
'Südgeorgien und die Südlichen Sandwichinseln',de,South Georgia and the South Sandwich Islands,#0c733a,#0c733a,1,0.7225,SOUTHERN,3474415,-56.0,-33.0,A,Südgeorgien und die Südlichen Sandwichinseln,SOO
'Bouvetinsel',de,Bouvet Island,#0d7076,#0d7076,1,0.7225,SOUTHERN,3371123,-54.43333,3.4,A,Bouvet Island,SOO
'Pitcairn',de,Pitcairn,#b29713,#b29713,1,0.7225,PACIFIC,4030699,-25.06667,-130.1,A,Pitcairn,SPO
'Norfolkinsel',de,Norfolk Island,#aa1231,#aa1231,2,0.64704595186,PACIFIC,2155115,-29.03333,167.95,A,Norfolk Island,SPO
'Alofi',de,Niue,#be3115,#be3115,2,0.561680517082,PACIFIC,4036284,-19.05294,-169.91957,P,Niue,SPO
'Niue',de,Niue,#be3115,#be3115,2,0.561680517082,PACIFIC,4036232,-19.03333,-169.86667,A,Niue,SPO
'Longyearbyen',de,Svalbard and Jan Mayen,#b9e7f7,#b9e7f7,2,0.492156862745,ARCTIC,2729907,78.22334,15.64689,P,Spitzbergen und Jan Mayen,ARO
'Spitzbergen und Jan Mayen',de,Svalbard and Jan Mayen,#b9e7f7,#b9e7f7,2,0.492156862745,ARCTIC,2729907,78.22334,15.64689,P,Spitzbergen und Jan Mayen,ARO
'Stanley',de,Falkland Islands,#0d7c11,#0d7c11,2,0.479075056861,SOUTH-AMERICA,3426691,-51.69382,-57.85701,P,Falkland Islands,SSA
'Falklandinseln',de,Falkland Islands,#0d7b0f,#0d7b0f,2,0.479075056861,SOUTH-AMERICA,3474414,-51.75,-59.16667,A,Falkland Islands,SSA
'Diego Garcia',de,British Indian Ocean Territory,#3f17d6,#3f17d6,2,0.35,INDIAN,1282575,-7.31264,72.45161,T,Britisches Territorium im Indischen Ozean,EIO
'Britisches Territorium im Indischen Ozean',de,British Indian Ocean Territory,#3e18d9,#3e18d9,2,0.35,INDIAN,1282588,-6.0,72.0,A,Britisches Territorium im Indischen Ozean,EIO
'Saint-Pierre',de,Saint Pierre and Miquelon,#93c2f3,#93c2f3,2,0.242612664005,EUROPE,498817,59.93863,30.31413,P,Russia,NEU
'Saint-Pierre und Miquelon',de,Saint Pierre and Miquelon,#79f080,#79f080,2,0.242612664005,NORTH-AMERICA,3424932,46.83333,-56.33333,A,Saint Pierre and Miquelon,ENA
'Jamestown',de,Saint Helena,#15c5b4,#15c5b4,2,0.234048257373,ATLANTIC,3370903,-15.92488,-5.71816,P,St. Helena,SAO
'St. Helena',de,Saint Helena,#15c4b4,#15c4b4,2,0.234048257373,ATLANTIC,3370751,-15.95,-5.7,A,Saint Helena,SAO
'Gustavia',de,Saint Barthelemy,#46e93e,#46e93e,2,0.218343195266,CENTRAL-AMERICA,3579132,17.89618,-62.84978,P,Saint Barthelemy,CAR
'Sankt Barthélemy',de,Saint Barthelemy,#46e93e,#46e93e,2,0.218343195266,CENTRAL-AMERICA,3578476,17.9,-62.8257,A,Saint Barthelemy,CAR
'Montserrat',de,Montserrat,#42e93b,#42e93b,2,0.207054919174,CENTRAL-AMERICA,3578097,16.75,-62.2,A,Montserrat,CAR
'Plymouth',de,Montserrat,#95101d,#95101d,2,0.207054919174,OCEANIA,2186239,-39.06667,174.08333,P,New Zealand,NZ
'Tuvalu',de,Tuvalu,#d4171a,#d4171a,2,0.186896072298,PACIFIC,2110297,-8.51719,179.14478,A,Tuvalu,EPO
'Funafuti',de,Tuvalu,#d4171a,#d4171a,2,0.186896072298,PACIFIC,2110394,-8.52425,179.19417,P,Tuvalu,EPO
'Nauru',de,Nauru,#e41945,#e41945,2,0.178715365239,PACIFIC,2110425,-0.517,166.933,A,Nauru,EPO
'Yaren',de,Nauru,#e41945,#e41945,2,0.178715365239,PACIFIC,7626461,-0.55085,166.9252,P,Nauru,EPO
'Das Tal',de,Anguilla,#18d968,#18d968,2,0.17544892108,SOUTH-AMERICA,12109014,-5.8231,-35.18964,L,Brazil,NES
'Anguilla',de,Anguilla,#47e93e,#47e93e,2,0.17544892108,CENTRAL-AMERICA,3573511,18.21667,-63.05,A,Anguilla,CAR
'Mata Utu',de,Wallis and Futuna,#ca2116,#ca2116,2,0.1624024961,PACIFIC,4034821,-13.28163,-176.17453,P,Wallis and Futuna,SPO
'Wallis und Futuna',de,Wallis and Futuna,#ca2116,#ca2116,2,0.1624024961,PACIFIC,4034749,-13.3,-176.2,A,Wallis and Futuna,SPO
'Palau',de,Palau,#e728b8,#e728b8,2,0.155844083319,PACIFIC,1559582,7.503,134.621,A,Palau,EPO
'Melekeok',de,Palau,#e728b8,#e728b8,2,0.155844083319,PACIFIC,4037930,7.494,134.6345,A,Palau,EPO
'Nan',de,Bonaire; Saint Eustatius and Saba ,#ea48ea,#ea48ea,2,0.155518543193,ASIA,1668355,22.99083,120.21333,P,Taiwan,EAS
'Cookinseln',de,Cook Islands,#ba4c14,#ba4c14,2,0.146755189826,PACIFIC,1899402,-21.24842,-159.78516,A,Cook Islands,SPO
'Avarua',de,Cook Islands,#ba4c14,#ba4c14,2,0.146755189826,PACIFIC,4035715,-21.2075,-159.77546,P,Cook Islands,SPO
'Mariehamn',de,Aland Islands,#94d3f3,#94d3f3,2,0.137437759724,EUROPE,3041732,60.09726,19.93481,P,Aland Islands,NEU
'Aland-Inseln',de,Aland Islands,#94d3f3,#94d3f3,2,0.137437759724,EUROPE,661883,60.25,20.0,T,Aland Islands,NEU
'Gibraltar',de,Gibraltar,#63ede1,#63ede1,2,0.12965774957,EUROPE-AFRICA,2411585,36.14474,-5.35257,P,Gibraltar,MED
'San Marino',de,San Marino,#73d5ef,#73d5ef,2,0.129598934438,EUROPE-AFRICA,3168068,43.9367,12.4463,A,San Marino,MED
'Marigot',de,Saint Martin,#47e93e,#47e93e,2,0.126835551739,CENTRAL-AMERICA,3578851,18.06819,-63.08302,P,Saint Martin,CAR
'Sankt Martin',de,Saint Martin,#7dccf0,#7dccf0,2,0.126835551739,EUROPE,3058780,49.06651,18.92399,P,Slovakia,WCE
'Cockburn Town',de,Turks and Caicos Islands,#63ea45,#63ea45,2,0.126549847338,CENTRAL-AMERICA,3576994,21.46122,-71.14188,P,Turks and Caicos Islands,CAR
'Turks- und Caicosinseln',de,Turks and Caicos Islands,#65ea45,#65ea45,2,0.126549847338,CENTRAL-AMERICA,3576916,21.73333,-71.58333,A,Turks and Caicos Islands,CAR
'Liechtenstein',de,Liechtenstein,#79ddf0,#79ddf0,2,0.12637826431,EUROPE,3042058,47.16667,9.53333,A,Liechtenstein,WCE
'Vaduz',de,Liechtenstein,#79ddf0,#79ddf0,2,0.12637826431,EUROPE,3042030,47.14151,9.52154,P,Liechtenstein,WCE
'Monaco',de,Monaco,#72dfef,#72dfef,2,0.125851817383,EUROPE-AFRICA,2993457,43.73141,7.41903,A,Monaco,MED
'Philipsburg',de,Sint Maarten,#46e93e,#46e93e,2,0.124597825552,CENTRAL-AMERICA,3513392,18.026,-63.04582,P,Sint Maarten,CAR
'Sint Maarten',de,Sint Maarten,#47e93e,#47e93e,2,0.124597825552,CENTRAL-AMERICA,7609695,18.04167,-63.06667,A,Sint Maarten,CAR
'Tórshavn',de,Faroe Islands,#97f3e9,#97f3e9,2,0.120619832155,EUROPE,2611396,62.00973,-6.77164,P,Faroe Islands,NEU
'Färöer-Inseln',de,Faroe Islands,#97f3e8,#97f3e8,2,0.120619832155,EUROPE,2622320,62.0,-7.0,A,Färöer,NEU
'St. Kitts und Nevis',de,Saint Kitts and Nevis,#44e93c,#44e93c,2,0.119069049027,CENTRAL-AMERICA,3575174,17.33333,-62.75,A,Saint Kitts and Nevis,CAR
'Basseterre',de,Saint Kitts and Nevis,#44e93c,#44e93c,2,0.119069049027,CENTRAL-AMERICA,3575551,17.2955,-62.72499,P,Saint Kitts and Nevis,CAR
'Amerikanisch-Samoa',de,American Samoa,#c83516,#c83516,2,0.118029387902,PACIFIC,5880801,-14.23377,-169.47767,A,Amerikanisch-Samoa,SPO
'Pago Pago',de,American Samoa,#c83116,#c83116,2,0.118029387902,PACIFIC,5881576,-14.27806,-170.7025,P,Amerikanisch-Samoa,SPO
'Nuuk',de,Greenland,#9cf4a8,#9cf4a8,2,0.117849174476,POLAR,3421319,64.18347,-51.72157,P,Grönland,GIC
'Grönland',de,Greenland,#acf5c4,#acf5c4,2,0.117849174476,POLAR,3425505,72.0,-40.0,A,Greenland,GIC
'Saipan',de,Northern Mariana Islands,#e8389d,#e8389d,2,0.117580253859,PACIFIC,7828758,15.21233,145.7545,P,Northern Mariana Islands,NPO
'Nördliche Marianen',de,Northern Mariana Islands,#e8389d,#e8389d,2,0.117580253859,PACIFIC,4041468,15.214,145.756,A,Northern Mariana Islands,NPO
'Marshallinseln',de,Marshall Islands,#e72843,#e72843,2,0.117119476829,PACIFIC,2080185,7.113,171.236,A,Marshallinseln,EPO
'Majuro',de,Marshall Islands,#e72743,#e72743,2,0.117119476829,PACIFIC,2113779,7.08971,171.38027,P,Marshall Islands,EPO
'Bermuda',de,Bermuda,#66ec5b,#66ec5b,2,0.116864070758,ATLANTIC,3573345,32.33022,-64.74003,A,Bermuda,NAO
'Hamilton',de,Bermuda,#66ec5b,#66ec5b,2,0.115632816408,ATLANTIC,3573197,32.2949,-64.78303,P,Bermuda,NAO
'Kaimaninseln',de,Cayman Islands,#7be941,#7be941,2,0.115582634712,CENTRAL-AMERICA,3580718,19.5,-80.66667,A,Kaimaninseln,CAR
'George Town',de,Cayman Islands,#7de940,#7de940,2,0.115582634712,CENTRAL-AMERICA,3580661,19.2866,-81.37436,P,Cayman Islands,CAR
'Guernsey',de,Guernsey,#7ef0eb,#7ef0eb,2,0.115330839517,EUROPE,3042362,49.45474,-2.57629,A,Guernsey,WCE
'St. Peter Port',de,Guernsey,#7ef0eb,#7ef0eb,2,0.115330839517,EUROPE,3042287,49.45981,-2.53527,P,Guernsey,WCE
'Roseau',de,Dominica,#3ce838,#3ce838,2,0.113961605585,CENTRAL-AMERICA,3575635,15.30174,-61.38808,P,Dominica,CAR
'Dominica',de,Dominica,#3de939,#3de939,2,0.113961605585,CENTRAL-AMERICA,3575830,15.5,-61.33333,A,Dominica,CAR
'Andorra',de,Andorra,#70ebef,#70ebef,2,0.112986001091,EUROPE-AFRICA,3041565,42.55,1.58333,A,Andorra,MED
'Andorra la Vella',de,Andorra,#70ebef,#70ebef,2,0.112986001091,EUROPE-AFRICA,3041563,42.50779,1.52109,P,Andorra,MED
'Insel Man',de,Isle of Man,#88f1e9,#88f1e9,2,0.1118938592,EUROPE,3042225,54.25,-4.5,A,Isle of Man,NEU
'Douglas',de,Isle of Man,#87f1e9,#87f1e9,2,0.1118938592,EUROPE,3042237,54.15,-4.48333,P,Isle of Man,NEU
'Rom',de,Italy,#6ed4ee,#6ed4ee,2,0.111163038679,EUROPE-AFRICA,3169070,41.89193,12.51133,P,Italy,MED
'Saint Helier',de,Jersey,#7df0ec,#7df0ec,2,0.11101176056,EUROPE,3042091,49.18804,-2.10491,P,Jersey,WCE
'Jersey',de,Jersey,#7df0ec,#7df0ec,2,0.11101176056,EUROPE,3042142,49.21667,-2.11667,A,Jersey,WCE
'Antigua und Barbuda',de,Antigua and Barbuda,#41e93c,#41e93c,2,0.110385725858,CENTRAL-AMERICA,3576396,17.05,-61.8,A,Antigua and Barbuda,CAR
'St. John's',de,Antigua and Barbuda,#41e93c,#41e93c,2,0.110385725858,CENTRAL-AMERICA,3576022,17.12096,-61.84329,P,Antigua and Barbuda,CAR
'Victoria',de,Seychelles,#1827dc,#1827dc,2,0.110334635497,INDIAN,241131,-4.62001,55.45501,P,Seychellen,EIO
'Seychellen',de,Seychelles,#1826dc,#1826dc,2,0.110334635497,INDIAN,241170,-4.58333,55.66667,A,Seychellen,EIO
'Israel',de,Israel,#5997ec,#5997ec,2,0.110023326713,EUROPE-AFRICA,294640,31.5,34.75,A,Israel,MED
'Tonga',de,Tonga,#bc2214,#bc2214,2,0.109690204173,PACIFIC,4032283,-20.0,-175.0,A,Tonga,SPO
'Nuku'alofa',de,Tonga,#ba2114,#ba2114,2,0.109690204173,PACIFIC,4032402,-21.13683,-175.20114,P,Tonga,SPO
'Aruba',de,Aruba,#51e832,#51e832,2,0.10944777741,CENTRAL-AMERICA,3577279,12.5,-69.96667,A,Aruba,CAR
'Oranjestad',de,Aruba,#51e833,#51e833,2,0.10944777741,CENTRAL-AMERICA,3577154,12.52398,-70.02703,P,Aruba,CAR
'Charlotte Amalie',de,U.S. Virgin Islands,#4ce93e,#4ce93e,2,0.109347803734,CENTRAL-AMERICA,4795467,18.3419,-64.9307,P,U.S. Virgin Islands,CAR
'Amerikanische Jungferninseln',de,U.S. Virgin Islands,#4de93e,#4de93e,2,0.109347803734,CENTRAL-AMERICA,4796775,18.34829,-64.98348,A,U.S. Virgin Islands,CAR
'St. Vincent und die Grenadinen',de,Saint Vincent and the Grenadines,#37e834,#37e834,2,0.10907350446,CENTRAL-AMERICA,3577815,13.08333,-61.2,A,St. Vincent und die Grenadinen,CAR
'Kingstown',de,Saint Vincent and the Grenadines,#38e834,#38e834,2,0.10907350446,CENTRAL-AMERICA,3577887,13.15527,-61.22742,P,St. Vincent und die Grenadinen,CAR
'St. George's',de,Grenada,#37e832,#37e832,2,0.108972311447,CENTRAL-AMERICA,3579925,12.05288,-61.75226,P,Grenada,CAR
'Grenada',de,Grenada,#37e832,#37e832,2,0.108972311447,CENTRAL-AMERICA,3580239,12.11667,-61.66667,A,Grenada,CAR
'Palikir',de,Micronesia,#e7276d,#e7276d,2,0.108877840909,PACIFIC,2081986,6.92477,158.16109,P,Micronesia,EPO
'Mikronesien',de,Micronesia,#e6265a,#e6265a,2,0.108877840909,PACIFIC,7729900,6.53365,163.74023,L,Micronesia,EPO
'Tarawa',de,Kiribati,#e51c33,#e51c33,2,0.108632075065,PACIFIC,2110257,1.3278,172.97696,P,Kiribati,EPO
'Kiribati',de,Kiribati,#e51c33,#e51c33,2,0.108632075065,PACIFIC,4030945,1.421,172.984,A,Kiribati,EPO
'Kuba',de,Cuba,#7bea46,#7bea46,2,0.106288546422,CENTRAL-AMERICA,3562981,22.0,-79.5,A,Cuba,CAR
'Curaçao',de,Curacao,#4de832,#4de832,2,0.106255904009,CENTRAL-AMERICA,7626836,12.16667,-68.96667,A,Curacao,CAR
'Ukraine',de,Ukraine,#7db3f0,#7db3f0,2,0.106222967884,EUROPE,690791,49.0,32.0,A,Ukraine,WCE
'Hagatna',de,Guam,#e8349e,#e8349e,2,0.106032527388,PACIFIC,4044012,13.47567,144.74886,P,Guam,NPO
'Guam',de,Guam,#e8349e,#e8349e,2,0.106032527388,PACIFIC,4043988,13.47861,144.81834,A,Guam,NPO
'St. Lucia',de,Saint Lucia,#38e835,#38e835,2,0.105497858584,CENTRAL-AMERICA,3576468,13.88333,-60.96667,A,Saint Lucia,CAR
'Castries',de,Saint Lucia,#39e836,#39e836,2,0.105497858584,CENTRAL-AMERICA,3576812,13.9957,-61.00614,P,Saint Lucia,CAR
'Island',de,Iceland,#9ef4da,#9ef4da,2,0.105307294391,POLAR,2629691,65.0,-18.0,A,Iceland,GIC
'Cayenne',de,French Guiana,#23e63c,#23e63c,2,0.105114932534,SOUTH-AMERICA,3382160,4.9381,-52.33455,P,Französisch-Guayana,NSA
'Französisch-Guayana',de,French Guiana,#21e638,#21e638,2,0.105114932534,SOUTH-AMERICA,3381670,4.0,-53.0,A,French Guiana,NSA
'Samoa',de,Samoa,#c92d16,#c92d16,2,0.105098659053,PACIFIC,4034894,-13.8,-172.13333,A,Samoa,SPO
'Apia',de,Samoa,#c92e16,#c92e16,2,0.105098659053,PACIFIC,4035413,-13.83333,-171.76666,P,Samoa,SPO
'Bahamas',de,Bahamas,#7aeb4c,#7aeb4c,2,0.105072425708,NORTH-AMERICA,3572887,25.04082,-77.37122,A,Bahamas,ENA
'São Tomé und Príncipe',de,Sao Tome and Principe,#1bcee5,#1bcee5,2,0.105058168943,AFRICA,2410758,1.0,7.0,A,São Tomé und Príncipe,WAF
'Sao Tome',de,Sao Tome and Principe,#14b538,#14b538,2,0.105058168943,SOUTH-AMERICA,3448439,-23.5475,-46.63611,P,Brazil,SES
'Deutschland',de,Germany,#82ddf1,#82ddf1,2,0.104974118703,EUROPE,2921044,51.5,10.5,A,Germany,WCE
'Russland',de,Russia,#d393f3,#d393f3,2,0.104968994494,ASIA,2017370,60.0,100.0,A,Russia,ESB
'Jamaika',de,Jamaica,#6fe93e,#6fe93e,2,0.104062838609,CENTRAL-AMERICA,3489940,18.16667,-77.25,A,Jamaica,CAR
'China',de,China,#ca60ed,#ca60ed,2,0.103723456804,ASIA,1814991,35.0,105.0,A,China,EAS
'Westsahara',de,Western Sahara,#4eebc5,#4eebc5,2,0.103662896325,AFRICA,2463029,26.13073,-14.48513,P,Westsahara,SAH
'El-Aaiun',de,Western Sahara,#50ebc9,#50ebc9,2,0.103662896325,AFRICA,2462881,27.1418,-13.18797,P,Western Sahara,SAH
'Papeete',de,French Polynesia,#c16c15,#c16c15,2,0.103601280615,PACIFIC,4033936,-17.5347,-149.56843,P,Französisch-Polynesien,SPO
'Französisch-Polynesien',de,French Polynesia,#c68b16,#c68b16,2,0.103601280615,PACIFIC,4030656,-15.0,-140.0,A,Französisch-Polynesien,SPO
'Mamoudzou',de,Mayotte,#1643cb,#1643cb,2,0.103578188792,AFRICA,921815,-12.78234,45.22878,P,Mayotte,MDG
'Mayotte',de,Mayotte,#1643cb,#1643cb,2,0.103578188792,AFRICA,1024031,-12.83333,45.16667,A,Mayotte,MDG
'Nouméa',de,New Caledonia,#b81439,#b81439,2,0.103520383018,PACIFIC,2139521,-22.27407,166.44884,P,New Caledonia,SPO
'Neukaledonien',de,New Caledonia,#b9143c,#b9143c,2,0.103520383018,PACIFIC,2139685,-21.5,165.5,A,New Caledonia,SPO
'Barbados',de,Barbados,#34e835,#34e835,2,0.103488684452,CENTRAL-AMERICA,3374084,13.16453,-59.55165,A,Barbados,CAR
'Bridgetown',de,Barbados,#34e835,#34e835,2,0.103488684452,CENTRAL-AMERICA,3374036,13.10732,-59.62021,P,Barbados,CAR
'Vanuatu',de,Vanuatu,#c4153a,#c4153a,2,0.103416700834,PACIFIC,2134431,-16.3333,167.5,A,Vanuatu,SPO
'Port Vila',de,Vanuatu,#c11536,#c11536,2,0.103416700834,PACIFIC,2135171,-17.73648,168.31366,P,Vanuatu,SPO
'Niederländische Antillen',de,Netherlands Antilles,#4de832,#4de832,2,0.103333333333,CENTRAL-AMERICA,8505032,12.11721,-68.91964,A,Netherlands Antilles,CAR
'Willemstad',de,Netherlands Antilles,#4de832,#4de832,2,0.103333333333,CENTRAL-AMERICA,3513090,12.12246,-68.88641,P,Netherlands Antilles,CAR
'Reykjavik',de,Iceland,#9cf4d4,#9cf4d4,2,0.102828262259,POLAR,3413829,64.13548,-21.89541,P,Iceland,GIC
'Honiara',de,Solomon Islands,#d21755,#d21755,2,0.10277246349,PACIFIC,2108502,-9.43333,159.95,P,Solomon Islands,EPO
'Libanon',de,Lebanon,#5e97ed,#5e97ed,2,0.102628441039,EUROPE-AFRICA,272103,33.83333,35.83333,A,Lebanon,MED
'Belmopan',de,Belize,#8fe93c,#8fe93c,2,0.10261048213,CENTRAL-AMERICA,3582672,17.25376,-88.76401,P,Belize,SCA
'Belize',de,Belize,#8fe93c,#8fe93c,2,0.10261048213,CENTRAL-AMERICA,3582678,17.25,-88.75,A,Belize,SCA
'Nassau',de,Bahamas,#7aeb4c,#7aeb4c,2,0.102593092003,NORTH-AMERICA,3571824,25.05823,-77.34306,P,Bahamas,ENA
'Ungarn',de,Hungary,#79c8f0,#79c8f0,2,0.102584854221,EUROPE,719819,47.0,20.0,A,Hungary,WCE
'Portugal',de,Portugal,#6aeedc,#6aeedc,2,0.10257975333,EUROPE-AFRICA,2264397,39.6945,-8.13057,A,Portugal,MED
'Lissabon',de,Portugal,#68eed9,#68eed9,2,0.10257975333,EUROPE-AFRICA,2267057,38.71667,-9.13333,P,Portugal,MED
'Italien',de,Italy,#70d4ef,#70d4ef,2,0.10249914241,EUROPE-AFRICA,3175395,42.83333,12.83333,A,Italy,MED
'Brunei',de,Brunei,#d522e6,#d522e6,2,0.102331208825,ASIA,1820814,4.5,114.66667,A,Brunei,SEA
'Bandar Seri Begawan',de,Brunei,#d623e6,#d623e6,2,0.102331208825,ASIA,1820906,4.89035,114.94006,P,Brunei,SEA
'Fort-de-France',de,Martinique,#3ae837,#3ae837,2,0.10231000231,CENTRAL-AMERICA,3570675,14.60365,-61.07418,P,Martinique,CAR
'Martinique',de,Martinique,#3ae837,#3ae837,2,0.10231000231,CENTRAL-AMERICA,3570311,14.66667,-61.0,A,Martinique,CAR
'Basse-Terre',de,Guadeloupe,#3fe93a,#3fe93a,2,0.102257336343,CENTRAL-AMERICA,3579732,15.99714,-61.73214,P,Guadeloupe,CAR
'Guadeloupe',de,Guadeloupe,#3fe93a,#3fe93a,2,0.102257336343,CENTRAL-AMERICA,3579143,16.25,-61.58333,A,Guadeloupe,CAR
'Zypern',de,Cyprus,#60a0ed,#60a0ed,2,0.102082026619,EUROPE-AFRICA,146669,35.0,33.0,A,Cyprus,MED
'Malta',de,Malta,#62cced,#62cced,2,0.102068124005,EUROPE-AFRICA,2562770,35.91667,14.43333,A,Malta,MED
'Valletta',de,Malta,#62cced,#62cced,2,0.102068124005,EUROPE-AFRICA,2562305,35.89968,14.5148,P,Malta,MED
'Kap Verde',de,Cabo Verde,#3ae9a3,#3ae9a3,2,0.101839022964,ATLANTIC,3374766,16.0,-24.0,A,Kapverden,NAO
'Praia',de,Cabo Verde,#37e8a3,#37e8a3,2,0.101839022964,ATLANTIC,3374333,14.93152,-23.51254,P,Cabo Verde,NAO
'Paramaribo',de,Suriname,#25e635,#25e635,2,0.101736138238,SOUTH-AMERICA,3383330,5.86638,-55.16682,P,Suriname,NSA
'Surinam',de,Suriname,#21e62e,#21e62e,2,0.101736138238,SOUTH-AMERICA,3382998,4.0,-56.0,A,Suriname,NSA
'Luxemburg',de,Luxembourg,#7ee5f0,#7ee5f0,2,0.101645472975,EUROPE,2960313,49.75,6.16667,A,Luxembourg,WCE
'Podgorica',de,Montenegro,#70c6ef,#70c6ef,2,0.101606825796,EUROPE-AFRICA,3193044,42.44111,19.26361,P,Montenegro,MED
'Montenegro',de,Montenegro,#70c6ef,#70c6ef,2,0.101606825796,EUROPE-AFRICA,3194884,42.75,19.25,A,Montenegro,MED
'Macau',de,Macao,#d846ea,#d846ea,2,0.101583190318,ASIA,1821274,22.20056,113.54611,P,Macao,EAS
'Salomonen',de,Solomon Islands,#d5175a,#d5175a,2,0.101531726654,PACIFIC,2103350,-8.0,159.0,A,Solomon Islands,EPO
'Neuseeland',de,New Zealand,#8f0f1c,#8f0f1c,2,0.101446255867,OCEANIA,2186224,-42.0,174.0,A,New Zealand,NZ
'Jerusalem',de,Israel,#5a96ec,#5a96ec,2,0.101354190316,EUROPE-AFRICA,281184,31.76904,35.21633,P,Israel,MED
'Vereinigte Arabische Emirate',de,United Arab Emirates,#4958ea,#4958ea,2,0.101345463126,ASIA,290557,23.75,54.5,A,United Arab Emirates,ARP
'Jordanien',de,Jordan,#5893ec,#5893ec,2,0.101342075249,EUROPE-AFRICA,248816,31.0,36.0,A,Jordan,MED
'Haiti',de,Haiti,#63e940,#63e940,2,0.101331542352,CENTRAL-AMERICA,3723988,19.07582,-72.29616,A,Haiti,CAR
'Belgien',de,Belgium,#81e8f1,#81e8f1,2,0.101329191256,EUROPE,2802361,50.75,4.5,A,Belgium,WCE
'Bhutan',de,Bhutan,#9f51eb,#9f51eb,2,0.101325567277,ASIA,1252634,27.5,90.5,A,Bhutan,TIB
'Thimphu',de,Bhutan,#9d51eb,#9d51eb,2,0.101325567277,ASIA,1252416,27.46609,89.64191,P,Bhutan,TIB
'Syrien',de,Syria,#6094ed,#6094ed,2,0.101300808707,EUROPE-AFRICA,163843,35.0,38.0,A,Syria,MED
'Saint-Denis',de,Reunion,#1421ba,#1421ba,2,0.101287087424,INDIAN,935264,-20.88231,55.4504,P,Réunion,SIO
'Georgetown',de,Guyana,#27e72d,#27e72d,2,0.101283690456,SOUTH-AMERICA,3378644,6.80448,-58.15527,P,Guyana,NSA
'Guyana',de,Guyana,#23e626,#23e626,2,0.101283690456,SOUTH-AMERICA,3378535,5.0,-59.0,A,Guyana,NSA
'Australien',de,Australia,#b2138a,#b2138a,2,0.101281683214,OCEANIA,2077456,-25.0,135.0,A,Australia,CAU
'Polen',de,Poland,#83ccf1,#83ccf1,2,0.101268010161,EUROPE,798544,52.0,20.0,A,Poland,WCE
'Berlin',de,Germany,#84d9f1,#84d9f1,2,0.101253747045,EUROPE,2950159,52.52437,13.41053,P,Germany,WCE
'Moroni',de,Comoros,#1649cd,#1649cd,2,0.10120145809,AFRICA,921772,-11.70216,43.25506,P,Comoros,ESAF
'Komoren',de,Comoros,#1645cc,#1645cc,2,0.10120145809,AFRICA,921929,-12.23333,44.44553,A,Comoros,ESAF
'Fidschi',de,Fiji,#c0151b,#c0151b,2,0.101131883692,PACIFIC,2205218,-18.0,178.0,A,Fiji,SPO
'Suva',de,Fiji,#c01519,#c01519,2,0.101131883692,PACIFIC,2198148,-18.13683,178.42531,P,Fidschi,SPO
'Dschibuti',de,Djibouti,#3166e8,#3166e8,2,0.101042839862,AFRICA,223816,11.83333,42.5,A,Djibouti,NEAF
'Mbabane',de,Eswatini,#135eaf,#135eaf,2,0.10088013371,AFRICA,934985,-26.31667,31.13333,P,Eswatini,ESAF
'Eswatini',de,Eswatini,#135daf,#135daf,2,0.10088013371,AFRICA,934841,-26.5,31.5,A,Eswatini,ESAF
'Nikosia',de,Cyprus,#619fed,#619fed,2,0.100840855486,EUROPE-AFRICA,146268,35.17531,33.3642,P,Cyprus,MED
'Port Louis',de,Mauritius,#141bbc,#141bbc,2,0.100790324531,INDIAN,934154,-20.16194,57.49889,P,Mauritius,SIO
'Mauritius',de,Mauritius,#141bbc,#141bbc,2,0.100790324531,INDIAN,934292,-20.3,57.58333,A,Mauritius,SIO
'Dili',de,Timor Leste,#d417c2,#d417c2,2,0.100788660948,ASIA,1645457,-8.55861,125.57361,P,Timor Leste,SEA
'Timor-Leste',de,Timor Leste,#d317c1,#d317c1,2,0.100788660948,ASIA,1966436,-8.83333,125.75,A,Timor Leste,SEA
'Malabo',de,Equatorial Guinea,#21c9e6,#21c9e6,2,0.100763957115,AFRICA,2309527,3.75578,8.78166,P,Equatorial Guinea,WAF
'Äquatorialguinea',de,Equatorial Guinea,#1cc2e5,#1cc2e5,2,0.100763957115,AFRICA,2309096,1.7,10.5,A,Equatorial Guinea,CAF
'Tallinn',de,Estonia,#92cbf2,#92cbf2,2,0.100757068751,EUROPE,588409,59.43696,24.75353,P,Estonia,NEU
'Estland',de,Estonia,#91c8f2,#91c8f2,2,0.100757068751,EUROPE,453733,59.0,26.0,A,Estonia,NEU
'Trinidad und Tobago',de,Trinidad and Tobago,#33e72f,#33e72f,2,0.100719497963,SOUTH-AMERICA,3573591,11.0,-61.0,A,Trinidad und Tobago,NSA
'Hafen von Spanien',de,Trinidad and Tobago,#64ede3,#64ede3,2,0.100719497963,EUROPE-AFRICA,9253705,36.71536,-4.41959,L,Spain,MED
'Bahrain',de,Bahrain,#4e67eb,#4e67eb,2,0.100637170352,ASIA,290291,26.03333,50.55,A,Bahrain,ARP
'Manama',de,Bahrain,#4f67eb,#4f67eb,2,0.100637170352,ASIA,290340,26.22787,50.58565,P,Bahrain,ARP
'Pristina',de,Kosovo,#70c2ef,#70c2ef,2,0.100541917303,EUROPE-AFRICA,786714,42.67272,21.16688,P,Kosovo,MED
'Kosovo',de,Kosovo,#70c2ef,#70c2ef,2,0.100541917303,EUROPE-AFRICA,831053,42.58333,20.91667,A,Kosovo,MED
'Guinea-Bissau',de,Guinea-Bissau,#31e8ba,#31e8ba,2,0.100533529957,AFRICA,2372248,12.0,-15.0,A,Guinea-Bissau,WAF
'Bissau',de,Guinea-Bissau,#31e8b8,#31e8b8,2,0.100533529957,AFRICA,2374775,11.86357,-15.59767,P,Guinea-Bissau,WAF
'Riga',de,Latvia,#8dc9f2,#8dc9f2,2,0.100519064728,EUROPE,456172,56.946,24.10589,P,Latvia,WCE
'Lettland',de,Latvia,#8dc8f2,#8dc8f2,2,0.100519064728,EUROPE,458258,57.0,25.0,A,Latvia,WCE
'Ljubljana',de,Slovenia,#77d2ef,#77d2ef,2,0.100483705884,EUROPE,3196359,46.05108,14.50513,P,Slovenia,WCE
'Slowenien',de,Slovenia,#77d1ef,#77d1ef,2,0.100483705884,EUROPE,3190538,46.08333,15.0,A,Slovenia,WCE
'Nordmazedonien',de,North Macedonia,#6ec0ee,#6ec0ee,2,0.100480086492,EUROPE-AFRICA,718075,41.66667,21.75,A,North Macedonia,MED
'Skopje',de,North Macedonia,#6fc1ef,#6fc1ef,2,0.100480086492,EUROPE-AFRICA,785842,41.99646,21.43141,P,North Macedonia,MED
'Lesotho',de,Lesotho,#1262a9,#1262a9,2,0.100474353598,AFRICA,932692,-29.5,28.25,A,Lesotho,ESAF
'Maseru',de,Lesotho,#1264a9,#1264a9,2,0.100474353598,AFRICA,932505,-29.31667,27.48333,P,Lesotho,ESAF
'Gabun',de,Gabon,#19bbe3,#19bbe3,2,0.10047185948,AFRICA,2400553,-1.0,11.75,A,Gabon,CAF
'Libreville',de,Gabon,#1ac5e5,#1ac5e5,2,0.10047185948,AFRICA,2399697,0.39241,9.45356,P,Gabon,CAF
'Gaborone',de,Botswana,#136eb3,#136eb3,2,0.100443630924,AFRICA,933773,-24.65451,25.90859,P,Botswana,ESAF
'Botswana',de,Botswana,#1476b8,#1476b8,2,0.100443630924,AFRICA,933860,-22.0,24.0,A,Botswana,WSAF
'Banjul',de,Gambia,#34e8b6,#34e8b6,2,0.100438576871,AFRICA,2413876,13.45274,-16.57803,P,Gambia,WAF
'Gambia',de,Gambia,#35e8ba,#35e8ba,2,0.100438576871,AFRICA,2413451,13.5,-15.5,A,Gambia,WAF
'Namibia',de,Namibia,#148ab8,#148ab8,2,0.100408454185,AFRICA,3355338,-22.0,17.0,A,Namibia,WSAF
'Windhoek',de,Namibia,#1489b7,#1489b7,2,0.100408454185,AFRICA,3352136,-22.55941,17.08323,P,Namibia,WSAF
'Doha',de,Qatar,#4d63eb,#4d63eb,2,0.100359495369,ASIA,290030,25.28545,51.53096,P,Qatar,ARP
'Katar',de,Qatar,#4d64eb,#4d64eb,2,0.100359495369,ASIA,289688,25.5,51.25,A,Qatar,ARP
'Litauen',de,Lithuania,#8ac8f2,#8ac8f2,2,0.100358482943,EUROPE,597427,55.41667,24.0,A,Lithuania,WCE
'Vilnius',de,Lithuania,#89c5f1,#89c5f1,2,0.100358482943,EUROPE,593116,54.68916,25.2798,P,Lithuania,WCE
'Tirana',de,Albania,#6dc4ee,#6dc4ee,2,0.100348872583,EUROPE-AFRICA,3183875,41.3275,19.81889,P,Albania,MED
'Albanien',de,Albania,#6dc3ee,#6dc3ee,2,0.100348872583,EUROPE-AFRICA,783754,41.0,20.0,A,Albania,MED
'Kingston',de,Jamaica,#6ee93e,#6ee93e,2,0.100340732336,CENTRAL-AMERICA,3489854,17.99702,-76.79358,P,Jamaica,CAR
'Eriwan',de,Armenia,#6b8dee,#6b8dee,2,0.100324212164,ASIA,616052,40.18111,44.51361,P,Armenia,WCA
'Armenien',de,Armenia,#6b8cee,#6b8cee,2,0.100324212164,ASIA,174982,40.25,45.0,A,Armenia,WCA
'Mongolei',de,Mongolia,#d177ef,#d177ef,2,0.100315436716,ASIA,2029969,46.0,105.0,A,Mongolia,ESB
'Ulaanbaatar',de,Mongolia,#d67bf0,#d67bf0,2,0.100315436716,ASIA,2028462,47.90771,106.88324,P,Mongolia,ESB
'San Juan',de,Puerto Rico,#50e93f,#50e93f,2,0.100312974058,CENTRAL-AMERICA,4568127,18.46633,-66.10572,P,Puerto Rico,CAR
'Puerto Rico',de,Puerto Rico,#51e93e,#51e93e,2,0.100312974058,CENTRAL-AMERICA,4566967,18.2494,-66.50101,T,Puerto Rico,CAR
'Sarajevo',de,Bosnia and Herzegovina,#72c9ef,#72c9ef,2,0.100300848785,EUROPE-AFRICA,3191281,43.84864,18.35644,P,Bosnia and Herzegovina,MED
'Bosnien und Herzegowina',de,Bosnia and Herzegovina,#73caef,#73caef,2,0.100300848785,EUROPE-AFRICA,3277605,44.25,17.83333,A,Bosnia and Herzegovina,MED
'Montevideo',de,Uruguay,#119e1a,#119e1a,2,0.10028991398,SOUTH-AMERICA,3441575,-34.90328,-56.18816,P,Uruguay,SES
'Uruguay',de,Uruguay,#12a21b,#12a21b,2,0.10028991398,SOUTH-AMERICA,3439705,-33.0,-56.0,A,Uruguay,SES
'Moldawien',de,Moldova,#79b7f0,#79b7f0,2,0.100282017201,EUROPE,617790,47.25,28.58333,A,Moldova,WCE
'Chișinău',de,Moldova,#79b7f0,#79b7f0,2,0.100282017201,EUROPE,618426,47.00556,28.8575,P,Moldova,WCE
'Georgia',de,Georgia,#6f92ef,#6f92ef,2,0.100269941962,ASIA,614540,41.99998,43.4999,A,Georgia,WCA
'Tiflis',de,Georgia,#6e8fee,#6e8fee,2,0.100269941962,ASIA,611717,41.69411,44.83368,P,Georgia,WCA
'Kroatien',de,Croatia,#75d0ef,#75d0ef,2,0.100258275602,EUROPE,3202326,45.16667,15.5,A,Croatia,WCE
'Zagreb',de,Croatia,#76cfef,#76cfef,2,0.100258275602,EUROPE,3186886,45.81444,15.97798,P,Croatia,WCE
'Kuwait-Stadt',de,Kuwait,#5573ec,#5573ec,2,0.100241703001,ASIA,285787,29.36972,47.97833,P,Kuwait,ARP
'Kuwait',de,Kuwait,#5574ec,#5574ec,2,0.100241703001,ASIA,285570,29.5,47.75,A,Kuwait,ARP
'Panama',de,Panama,#6ae72b,#6ae72b,2,0.100239413552,CENTRAL-AMERICA,3703430,9.0,-80.0,A,Panama,SCA
'Panama-Stadt',de,Panama,#68e72b,#68e72b,2,0.100239413552,CENTRAL-AMERICA,3703443,8.9936,-79.51973,P,Panama,SCA
'Mauretanien',de,Mauritania,#42eacc,#42eacc,2,0.100227101421,AFRICA,2378080,20.25,-10.5,A,Mauritania,SAH
'Nouakchott',de,Mauritania,#3ee9bc,#3ee9bc,2,0.100227101421,AFRICA,2377450,18.08581,-15.9785,P,Mauritania,SAH
'Bangui',de,Central African Republic,#22a9e6,#22a9e6,2,0.100214299016,AFRICA,2389853,4.36122,18.55496,P,Central African Republic,CAF
'Zentralafrikanische Republik',de,Central African Republic,#27a4e7,#27a4e7,2,0.100214299016,AFRICA,239880,7.0,21.0,A,Central African Republic,CAF
'Liberia',de,Liberia,#26e6c8,#26e6c8,2,0.100207512922,AFRICA,2275384,6.5,-9.5,A,Liberia,WAF
'Monrovia',de,Liberia,#26e6c4,#26e6c4,2,0.100207512922,AFRICA,2274895,6.30054,-10.7969,P,Liberia,WAF
'Oman',de,Oman,#444cea,#444cea,2,0.100207061501,ASIA,286963,21.0,57.0,A,Oman,ARP
'Maskat',de,Oman,#494dea,#494dea,2,0.100207061501,ASIA,287286,23.58413,58.40778,P,Oman,ARP
'Irland',de,Ireland,#85f1e3,#85f1e3,2,0.100206036626,EUROPE,2963597,53.0,-8.0,A,Ireland,NEU
'Dublin',de,Ireland,#86f1e6,#86f1e6,2,0.100206036626,EUROPE,2964574,53.33306,-6.24889,P,Ireland,NEU
'Wellington',de,New Zealand,#91101b,#91101b,2,0.10020468734,OCEANIA,2179537,-41.28664,174.77557,P,New Zealand,NZ
'Costa Rica',de,Costa Rica,#78e72d,#78e72d,2,0.100200022363,CENTRAL-AMERICA,3624060,10.0,-84.0,A,Costa Rica,SCA
'San José',de,Costa Rica,#78e72d,#78e72d,2,0.100200022363,CENTRAL-AMERICA,3621849,9.93388,-84.08489,P,Costa Rica,SCA
'Brazzaville',de,Republic of the Congo,#18aadc,#18aadc,2,0.100190680927,AFRICA,2260535,-4.26613,15.28318,P,Republic of the Congo,CAF
'Republik Kongo',de,Republic of the Congo,#19afe3,#19afe3,2,0.100190680927,AFRICA,2260494,-1.0,15.5,A,Republic of the Congo,CAF
'Oslo',de,Norway,#93e2f3,#93e2f3,2,0.100188170262,EUROPE,3143244,59.91273,10.74609,P,Norway,NEU
'Norwegen',de,Norway,#97e4f3,#97e4f3,2,0.100188170262,EUROPE,3144096,62.0,10.0,A,Norway,NEU
'Slowakei',de,Slovakia,#7ccaf0,#7ccaf0,2,0.100183586925,EUROPE,3057568,48.66667,19.5,A,Slovakia,WCE
'Bratislava',de,Slovakia,#7bcff0,#7bcff0,2,0.100183586925,EUROPE,3060972,48.14816,17.10674,P,Slovakia,WCE
'Helsinki',de,Finland,#94cbf3,#94cbf3,2,0.100181223439,EUROPE,658225,60.16952,24.93545,P,Finland,NEU
'Finnland',de,Finland,#9ccdf4,#9ccdf4,2,0.100181223439,EUROPE,660013,64.0,26.0,A,Finland,NEU
'Singapur',de,Singapore,#af1ce5,#af1ce5,2,0.100177346597,ASIA,1880252,1.28967,103.85007,P,Singapore,SEA
'Dänemark',de,Denmark,#8be1f2,#8be1f2,2,0.100172489748,EUROPE,2623032,56.0,10.0,A,Denmark,NEU
'Kopenhagen',de,Denmark,#8bdcf2,#8bdcf2,2,0.100172489748,EUROPE,2618425,55.67594,12.56553,P,Denmark,NEU
'Aschgabat',de,Turkmenistan,#666aee,#666aee,2,0.100170913643,ASIA,162183,37.95,58.38333,P,Turkmenistan,WCA
'Turkmenistan',de,Turkmenistan,#6a6bee,#6a6bee,2,0.100170913643,ASIA,1218197,39.75,59.66667,A,Turkmenistan,WCA
'Asmara',de,Eritrea,#3876e8,#3876e8,2,0.100161049735,AFRICA,343300,15.33805,38.93184,P,Eritrea,SAH
'Eritrea',de,Eritrea,#3875e8,#3875e8,2,0.100161049735,AFRICA,338010,15.0,39.0,A,Eritrea,SAH
'Kirgisistan',de,Kyrgyzstan,#8e6eee,#8e6eee,2,0.100158333069,ASIA,1527747,41.5,75.0,A,Kyrgyzstan,WCA
'Bischkek',de,Kyrgyzstan,#8f70ef,#8f70ef,2,0.100158333069,ASIA,1528675,42.87,74.59,P,Kyrgyzstan,WCA
'El Salvador',de,El Salvador,#16cb57,#16cb57,2,0.100155745191,SOUTH-AMERICA,3450554,-12.97563,-38.49096,P,Brazil,NES
'San Salvador',de,El Salvador,#8ce835,#8ce835,2,0.100155745191,CENTRAL-AMERICA,3583361,13.68935,-89.18718,P,El Salvador,SCA
'Nicaragua',de,Nicaragua,#7fe834,#7fe834,2,0.100154666768,CENTRAL-AMERICA,3617476,13.0,-85.0,A,Nicaragua,SCA
'Managua',de,Nicaragua,#81e832,#81e832,2,0.100154666768,CENTRAL-AMERICA,3617763,12.13282,-86.2504,P,Nicaragua,SCA
'Tripolis',de,Libya,#5ccdec,#5ccdec,2,0.10014973272,EUROPE-AFRICA,2210247,32.88743,13.18733,P,Libya,MED
'Libyen',de,Libya,#52c0eb,#52c0eb,2,0.10014973272,AFRICA,2215636,28.0,17.0,A,Libya,SAH
'Beirut',de,Lebanon,#5e98ed,#5e98ed,2,0.100146008315,EUROPE-AFRICA,276781,33.89332,35.50157,P,Lebanon,MED
'Asunción',de,Paraguay,#13b119,#13b119,2,0.100143759315,SOUTH-AMERICA,3439389,-25.28646,-57.647,P,Paraguay,SES
'Paraguay',de,Paraguay,#14b519,#14b519,2,0.100143759315,SOUTH-AMERICA,3437598,-23.33333,-58.0,A,Paraguay,SES
'Serbien',de,Serbia,#74c5ef,#74c5ef,2,0.100143223714,EUROPE-AFRICA,6290252,44.81892,20.45998,A,Serbia,MED
'Sofia',de,Bulgaria,#70bdef,#70bdef,2,0.100142856347,EUROPE-AFRICA,727011,42.69751,23.32415,P,Bulgaria,MED
'Bulgarien',de,Bulgaria,#70b9ef,#70b9ef,2,0.100142856347,EUROPE-AFRICA,732800,42.66667,25.25,A,Bulgaria,MED
'Laos',de,Laos,#be3ee9,#be3ee9,2,0.100141612831,ASIA,1655842,18.0,105.0,A,Laos,SEA
'Vientiane',de,Laos,#b73ee9,#b73ee9,2,0.100141612831,ASIA,1651944,17.96667,102.6,P,Laos,SEA
'Hongkong',de,Hong Kong,#da46ea,#da46ea,2,0.100135206831,ASIA,1819729,22.27832,114.17469,P,Hong Kong,EAS
'Freetown',de,Sierra Leone,#2ae7bd,#2ae7bd,2,0.100130716323,AFRICA,2409306,8.48714,-13.2356,P,Sierra Leone,WAF
'Sierra Leone',de,Sierra Leone,#2ae7c3,#2ae7c3,2,0.100130716323,AFRICA,2403846,8.5,-11.5,A,Sierra Leone,WAF
'Togo',de,Togo,#2be4e7,#2be4e7,2,0.100126757268,AFRICA,2363686,8.66667,1.08333,A,Togo,WAF
'Lomé',de,Togo,#26e2e6,#26e2e6,2,0.100126757268,AFRICA,2365267,6.12874,1.22154,P,Togo,WAF
'Juba',de,South Sudan,#237fe6,#237fe6,2,0.100121058194,AFRICA,373303,4.85165,31.58247,P,South Sudan,NEAF
'Südsudan',de,South Sudan,#2887e7,#2887e7,2,0.100121058194,AFRICA,7909807,7.5,30.0,A,South Sudan,NEAF
'Schweiz',de,Switzerland,#79e0f0,#79e0f0,2,0.100117418535,EUROPE,2658434,47.00016,8.01427,A,Switzerland,WCE
'Bern',de,Switzerland,#79e1f0,#79e1f0,2,0.100117418535,EUROPE,2661552,46.94809,7.44744,P,Switzerland,WCE
'Papua-Neuguinea',de,Papua New Guinea,#db189a,#db189a,2,0.100116193735,ASIA,2082514,-5.0,140.0,T,Indonesia,SEA
'Port Moresby',de,Papua New Guinea,#d2177d,#d2177d,2,0.100116193735,ASIA,2088122,-9.47723,147.15089,P,Papua New Guinea,SEA
'Österreich',de,Austria,#7ad5f0,#7ad5f0,2,0.100113032194,EUROPE,2782113,47.33333,13.33333,A,Austria,WCE
'Wien',de,Austria,#7bd0f0,#7bd0f0,2,0.100113032194,EUROPE,2761369,48.20849,16.37208,P,Austria,WCE
'Tadschikistan',de,Tajikistan,#8169ee,#8169ee,2,0.100109880003,ASIA,1220409,39.0,71.0,A,Tajikistan,WCA
'Duschanbe',de,Tajikistan,#7b68ee,#7b68ee,2,0.100109880003,ASIA,1221874,38.53575,68.77905,P,Tajikistan,WCA
'Minsk',de,Belarus,#87c0f1,#87c0f1,2,0.100105425335,EUROPE,625144,53.9,27.56667,P,Belarus,WCE
'Weißrussland',de,Belarus,#85bff1,#85bff1,2,0.100105425335,EUROPE,630336,53.0,28.0,A,Belarus,WCE
'Honduras',de,Honduras,#86e838,#86e838,2,0.100104302238,CENTRAL-AMERICA,3608932,15.0,-86.5,A,Honduras,SCA
'Tegucigalpa',de,Honduras,#87e836,#87e836,2,0.100104302238,CENTRAL-AMERICA,3600949,14.0818,-87.20681,P,Honduras,SCA
'Abu Dhabi',de,United Arab Emirates,#4b5aeb,#4b5aeb,2,0.10010383182,ASIA,292968,24.45118,54.39696,P,United Arab Emirates,ARP
'Budapest',de,Hungary,#7acaf0,#7acaf0,2,0.100102366876,EUROPE,3054643,47.49835,19.04045,P,Hungary,WCE
'Amman',de,Jordan,#5a95ec,#5a95ec,2,0.100100441834,EUROPE-AFRICA,250441,31.95522,35.94503,P,Jordan,MED
'Stockholm',de,Sweden,#92d5f2,#92d5f2,2,0.1000982012,EUROPE,2673730,59.32938,18.06871,P,Schweden,NEU
'Schweden',de,Sweden,#97dcf3,#97dcf3,2,0.1000982012,EUROPE,2661886,62.0,15.0,A,Sweden,NEU
'Baku',de,Azerbaijan,#6b81ee,#6b81ee,2,0.100097800467,ASIA,587084,40.37767,49.89201,P,Azerbaijan,WCA
'Aserbaidschan',de,Azerbaijan,#6c87ee,#6c87ee,2,0.100097800467,ASIA,587116,40.5,47.5,A,Azerbaijan,WCA
'Prag',de,Czechia,#7fd5f0,#7fd5f0,2,0.100094111491,EUROPE,3067696,50.08804,14.42076,P,Czechia,WCE
'Tschechien',de,Czechia,#7ed4f0,#7ed4f0,2,0.100094111491,EUROPE,3077311,49.75,15.0,A,Czechia,WCE
'Santo Domingo',de,Dominican Republic,#5ee940,#5ee940,2,0.100094098473,CENTRAL-AMERICA,3508796,19.0,-70.66667,A,Dominican Republic,CAR
'Dominikanische Republik',de,Dominican Republic,#5ee940,#5ee940,2,0.100094098473,CENTRAL-AMERICA,3508796,19.0,-70.66667,A,Dominican Republic,CAR
'Athen',de,Greece,#66b8ee,#66b8ee,2,0.100093216904,EUROPE-AFRICA,264371,37.98376,23.72784,P,Greece,MED
'Griechenland',de,Greece,#69bdee,#69bdee,2,0.100093216904,EUROPE-AFRICA,390903,39.0,22.0,A,Greece,MED
'Serbien und Montenegro',de,Serbia and Montenegro,#74c5ef,#74c5ef,2,0.100092343138,EUROPE-AFRICA,8505033,44.8174,20.46341,A,Serbia,MED
'Belgrad',de,Serbia and Montenegro,#74c5ef,#74c5ef,2,0.100092343138,EUROPE-AFRICA,792680,44.80401,20.46513,P,Serbia,MED
'Port-au-Prince',de,Haiti,#62e93f,#62e93f,2,0.10008990238,CENTRAL-AMERICA,3718426,18.54349,-72.33881,P,Haiti,CAR
'Burundi',de,Burundi,#187bde,#187bde,2,0.100089482432,AFRICA,433561,-3.5,30.0,A,Burundi,SEAF
'Gitega',de,Burundi,#187bde,#187bde,2,0.100089482432,AFRICA,426272,-3.42708,29.92463,P,Burundi,SEAF
'Havanna',de,Cuba,#85ea48,#85ea48,2,0.100088197903,CENTRAL-AMERICA,3553478,23.13302,-82.38304,P,Cuba,CAR
'Brüssel',de,Belgium,#81e8f1,#81e8f1,2,0.10008754982,EUROPE,2800866,50.85045,4.34878,P,Belgium,WCE
'Benin',de,Benin,#2ce0e7,#2ce0e7,2,0.100087069728,AFRICA,2395170,9.5,2.25,A,Benin,WAF
'Porto-Novo',de,Benin,#26dee6,#26dee6,2,0.100087069728,AFRICA,2392087,6.49646,2.60359,P,Benin,WAF
'Tunesien',de,Tunisia,#5ed7ed,#5ed7ed,2,0.100086466266,EUROPE-AFRICA,2464461,34.0,9.0,A,Tunisia,MED
'Tunis',de,Tunisia,#5ed7ed,#5ed7ed,2,0.100086466266,EUROPE-AFRICA,2464461,34.0,9.0,A,Tunisia,MED
'Ruanda',de,Rwanda,#197de1,#197de1,2,0.100081287999,AFRICA,49518,-2.0,30.0,A,Rwanda,SEAF
'Kigali',de,Rwanda,#197de1,#197de1,2,0.100081287999,AFRICA,202061,-1.94995,30.05885,P,Rwanda,SEAF
'Guinea',de,Guinea,#2fe7c7,#2fe7c7,2,0.10008055215,AFRICA,2420477,10.83333,-10.66667,A,Guinea,WAF
'Conakry',de,Guinea,#2ce7bd,#2ce7bd,2,0.10008055215,AFRICA,2422465,9.53795,-13.67729,P,Guinea,WAF
'Mogadischu',de,Somalia,#1d4ee5,#1d4ee5,2,0.100066630446,AFRICA,53654,2.03711,45.34375,P,Somalia,SEAF
'Somalia',de,Somalia,#254ce6,#254ce6,2,0.100066630446,AFRICA,51537,6.0,48.0,A,Somalia,NEAF
'N'Djamena',de,Chad,#32bae8,#32bae8,2,0.10006460887,AFRICA,2427123,12.10672,15.0444,P,Chad,CAF
'Tschad',de,Chad,#38b0e8,#38b0e8,2,0.10006460887,AFRICA,2434508,15.0,19.0,A,Chad,SAH
'Senegal',de,Senegal,#37e8be,#37e8be,2,0.100063074132,AFRICA,2245662,14.5,-14.25,A,Senegal,WAF
'Dakar',de,Senegal,#37e8b5,#37e8b5,2,0.100063074132,AFRICA,2253354,14.6937,-17.44406,P,Senegal,WAF
'Phnom Penh',de,Cambodia,#ba31e8,#ba31e8,2,0.100061539227,ASIA,1821306,11.56245,104.91601,P,Cambodia,SEA
'Kambodscha',de,Cambodia,#bb34e8,#bb34e8,2,0.100061539227,ASIA,1831722,13.0,105.0,A,Cambodia,SEA
'Harare',de,Zimbabwe,#1568c1,#1568c1,2,0.100059282414,AFRICA,890299,-17.82772,31.05337,P,Zimbabwe,ESAF
'Simbabwe',de,Zimbabwe,#156abe,#156abe,2,0.100059282414,AFRICA,878675,-19.0,29.75,A,Zimbabwe,ESAF
'Damaskus',de,Syria,#5d96ed,#5d96ed,2,0.100059149607,EUROPE-AFRICA,170654,33.5102,36.29128,P,Syria,MED
'Quito',de,Ecuador,#58e519,#58e519,2,0.100058533078,SOUTH-AMERICA,3652462,-0.22985,-78.52495,P,Ecuador,NWS
'Ecuador',de,Ecuador,#56e219,#56e219,2,0.100058533078,SOUTH-AMERICA,3658394,-1.25,-78.25,A,Ecuador,NWS
'Amsterdam',de,The Netherlands,#84e8f1,#84e8f1,2,0.10005803488,EUROPE,2759794,52.37403,4.88969,P,The Netherlands,NEU
'Die Niederlande',de,The Netherlands,#84e8f1,#84e8f1,2,0.10005803488,EUROPE,2753842,52.41488,5.02649,H,The Netherlands,NEU
'Guatemala',de,Guatemala,#91e939,#91e939,2,0.100057978385,CENTRAL-AMERICA,3595528,15.5,-90.25,A,Guatemala,SCA
'Guatemala-Stadt',de,Guatemala,#91e837,#91e837,2,0.100057978385,CENTRAL-AMERICA,3598132,14.64072,-90.51327,P,Guatemala,SCA
'Sambia',de,Zambia,#1673c8,#1673c8,2,0.100057630836,AFRICA,895949,-14.33333,28.5,A,Zambia,ESAF
'Lusaka',de,Zambia,#1673c6,#1673c6,2,0.100057630836,AFRICA,909137,-15.40669,28.28713,P,Zambia,ESAF
'Lilongwe',de,Malawi,#1664c9,#1664c9,2,0.100056935453,AFRICA,927967,-13.96692,33.78725,P,Malawi,ESAF
'Malawi',de,Malawi,#1664c9,#1664c9,2,0.100056935453,AFRICA,927384,-13.5,34.0,A,Malawi,ESAF
'Kasachstan',de,Kazakhstan,#8b7bf0,#8b7bf0,2,0.100054715074,ASIA,1522867,48.0,68.0,A,Kazakhstan,WSB
'Nur-Sultan',de,Kazakhstan,#9781f1,#9781f1,2,0.100054715074,ASIA,1526273,51.1801,71.44598,P,Kazakhstan,WSB
'Santiago',de,Chile,#2ba111,#2ba111,2,0.100053392678,SOUTH-AMERICA,3871336,-33.45694,-70.64827,P,Chile,SWS
'Chile',de,Chile,#2ea812,#2ea812,2,0.100053392678,SOUTH-AMERICA,3895114,-30.0,-71.0,A,Chile,SWS
'Bamako',de,Mali,#33e8d0,#33e8d0,2,0.100052417248,AFRICA,2460596,12.60915,-7.97522,P,Mali,WAF
'Mali',de,Mali,#3ee9e3,#3ee9e3,2,0.100052417248,AFRICA,2453866,18.0,-2.0,A,Mali,SAH
'Bukarest',de,Romania,#74b9ef,#74b9ef,2,0.100051350687,EUROPE-AFRICA,683506,44.43225,26.10626,P,Romania,MED
'Rumänien',de,Romania,#77bdef,#77bdef,2,0.100051350687,EUROPE,798549,46.0,25.0,A,Romania,WCE
'Ouagadougou',de,Burkina Faso,#32e8e3,#32e8e3,2,0.100050628976,AFRICA,2357048,12.36566,-1.53388,P,Burkina Faso,WAF
'Burkina Faso',de,Burkina Faso,#32e8e3,#32e8e3,2,0.100050628976,AFRICA,2361809,12.5,-1.66667,A,Burkina Faso,WAF
'Sri Lanka',de,Sri Lanka,#6a29e7,#6a29e7,2,0.100046146747,INDIAN,1227603,7.75,80.75,A,Sri Lanka,BOB
'Colombo',de,Sri Lanka,#6627e7,#6627e7,2,0.100046146747,INDIAN,1248991,6.93548,79.84868,P,Sri Lanka,EIO
'Niamey',de,Niger,#35e2e8,#35e2e8,2,0.100044557426,AFRICA,2440485,13.51366,2.1098,P,Niger,WAF
'Niger',de,Niger,#3ecfe9,#3ecfe9,2,0.100044557426,AFRICA,2440476,18.0,9.0,A,Niger,SAH
'Taiwan',de,Taiwan,#ea4ae8,#ea4ae8,2,0.100042640583,ASIA,1668284,24.0,121.0,A,Taiwan,EAS
'Taipeh',de,Taiwan,#eb4ce7,#eb4ce7,2,0.100042640583,ASIA,1668341,25.05306,121.52639,P,Taiwan,EAS
'Canberra',de,Australia,#9d1159,#9d1159,2,0.100040012213,OCEANIA,2172517,-35.28346,149.12807,P,Australia,SAU
'Yamoussoukro',de,Ivory Coast,#27e7d6,#27e7d6,2,0.100039889539,AFRICA,2279755,6.82055,-5.27674,P,Ivory Coast,WAF
'Elfenbeinküste',de,Ivory Coast,#29e7d5,#29e7d5,2,0.100039889539,AFRICA,2287781,8.0,-5.5,A,Ivory Coast,WAF
'Yaoundé',de,Cameroon,#21c0e6,#21c0e6,2,0.100039656988,AFRICA,2220957,3.86667,11.51667,P,Cameroon,CAF
'Kamerun',de,Cameroon,#25bee6,#25bee6,2,0.100039656988,AFRICA,2233387,6.0,12.5,A,Cameroon,CAF
'Nordkorea',de,North Korea,#ee6bdf,#ee6bdf,2,0.100039139221,ASIA,1873107,40.0,127.0,A,North Korea,EAS
'Pjöngjang',de,North Korea,#ee69e1,#ee69e1,2,0.100039139221,ASIA,1871859,39.03385,125.75432,P,North Korea,EAS
'Madagaskar',de,Madagascar,#1439bc,#1439bc,2,0.100038077298,AFRICA,1062947,-20.0,47.0,A,Madagascar,MDG
'Antananarivo',de,Madagascar,#1538be,#1538be,2,0.100038077298,AFRICA,1070940,-18.91368,47.53613,P,Madagascar,MDG
'Nepal',de,Nepal,#8f52eb,#8f52eb,2,0.100035602556,ASIA,1282988,28.0,84.0,A,Nepal,TIB
'Kathmandu',de,Nepal,#9252eb,#9252eb,2,0.100035602556,ASIA,1283240,27.70169,85.3206,P,Nepal,TIB
'Jemen',de,Yemen,#395de9,#395de9,2,0.100035089336,ASIA,69543,15.5,47.5,A,Yemen,ARP
'Sanaa',de,Yemen,#3867e8,#3867e8,2,0.100035089336,ASIA,71137,15.35472,44.20667,P,Yemen,ARP
'Caracas',de,Venezuela,#44e72e,#44e72e,2,0.100034637799,SOUTH-AMERICA,3646738,10.48801,-66.87919,P,Venezuela,NSA
'Venezuela',de,Venezuela,#3ce729,#3ce729,2,0.100034637799,SOUTH-AMERICA,3625428,8.0,-66.0,A,Venezuela,NSA
'Mosambik',de,Mozambique,#155cc0,#155cc0,2,0.100033902946,AFRICA,1036973,-18.25,35.0,A,Mozambique,ESAF
'Maputo',de,Mozambique,#135bb0,#135bb0,2,0.100033902946,AFRICA,1040652,-25.96553,32.58322,P,Mozambique,ESAF
'Ghana',de,Ghana,#2ae7e3,#2ae7e3,2,0.100033594127,AFRICA,2300660,8.1,-1.2,A,Ghana,WAF
'Accra',de,Ghana,#24e6e6,#24e6e6,2,0.100033594127,AFRICA,2306104,5.55602,-0.1969,P,Ghana,WAF
'Luanda',de,Angola,#17aad3,#17aad3,2,0.100032457245,AFRICA,2240449,-8.83682,13.23432,P,Angola,CAF
'Angola',de,Angola,#1694cb,#1694cb,2,0.100032457245,AFRICA,3351879,-12.5,18.5,A,Angola,WSAF
'Malaysia',de,Malaysia,#cd1ee6,#cd1ee6,2,0.10003171725,ASIA,1733045,2.5,112.5,A,Malaysia,SEA
'Kuala Lumpur',de,Malaysia,#a91fe6,#a91fe6,2,0.10003171725,ASIA,1735161,3.1412,101.68653,P,Malaysia,SEA
'Lima',de,Peru,#4acc16,#4acc16,2,0.100031260496,SOUTH-AMERICA,3936456,-12.04318,-77.02824,P,Peru,NWS
'Peru',de,Peru,#46d117,#46d117,2,0.100031260496,SOUTH-AMERICA,3932488,-10.0,-75.25,A,Peru,NWS
'Usbekistan',de,Uzbekistan,#766eee,#766eee,2,0.100030344041,ASIA,1512440,41.66667,63.83333,A,Uzbekistan,WCA
'Taschkent',de,Uzbekistan,#816dee,#816dee,2,0.100030344041,ASIA,1512569,41.26465,69.21627,P,Uzbekistan,WCA
'Riad',de,Saudi Arabia,#4b6feb,#4b6feb,2,0.100029673637,ASIA,108410,24.68773,46.72185,P,Saudi Arabia,ARP
'Saudi-Arabien',de,Saudi Arabia,#4c74eb,#4c74eb,2,0.100029673637,ASIA,102358,25.0,45.0,A,Saudi Arabia,ARP
'Rabat',de,Morocco,#5eeddd,#5eeddd,2,0.100027755313,EUROPE-AFRICA,2538475,34.01325,-6.83255,P,Morocco,MED
'Marokko',de,Morocco,#53ebd2,#53ebd2,2,0.100027755313,AFRICA,2542007,28.5,-10.0,A,Morocco,SAH
'Kanada',de,Canada,#e9f394,#e9f394,2,0.100026984103,NORTH-AMERICA,6251999,60.10867,-113.64258,A,Canada,NWN
'Ottawa',de,Canada,#95ef76,#95ef76,2,0.100026984103,NORTH-AMERICA,6094817,45.41117,-75.69812,P,Canada,ENA
'Afghanistan',de,Afghanistan,#6b5cec,#6b5cec,2,0.10002690169,ASIA,1149361,33.0,66.0,A,Afghanistan,WCA
'Kabul',de,Afghanistan,#755fed,#755fed,2,0.10002690169,ASIA,1138958,34.52813,69.17233,P,Afghanistan,WCA
'Warschau',de,Poland,#84cbf1,#84cbf1,2,0.100026330654,EUROPE,756135,52.22977,21.01178,P,Poland,WCE
'Irak',de,Iraq,#5c83ec,#5c83ec,2,0.1000260189,ASIA,99237,33.0,44.0,A,Iraq,WCA
'Bagdad',de,Iraq,#5d82ed,#5d82ed,2,0.1000260189,ASIA,98182,33.34058,44.40088,P,Iraq,WCA
'Sudan',de,Sudan,#3a91e9,#3a91e9,2,0.100023922568,AFRICA,366755,16.0,30.0,A,Sudan,SAH
'Khartum',de,Sudan,#3989e9,#3989e9,2,0.100023922568,AFRICA,379252,15.55177,32.53241,P,Sudan,SAH
'Algier',de,Algeria,#64e6ed,#64e6ed,2,0.100023680729,EUROPE-AFRICA,2507480,36.73225,3.08746,P,Algeria,MED
'Algerien',de,Algeria,#52e4eb,#52e4eb,2,0.100023680729,AFRICA,2589581,28.0,3.0,A,Algeria,SAH
'Kampala',de,Uganda,#1a77e5,#1a77e5,2,0.10002340652,AFRICA,232422,0.31628,32.58219,P,Uganda,SEAF
'Uganda',de,Uganda,#1c78e5,#1c78e5,2,0.10002340652,AFRICA,226074,1.25,32.5,A,Uganda,SEAF
'Argentinien',de,Argentina,#1ba011,#1ba011,2,0.100022474687,SOUTH-AMERICA,3865483,-34.0,-64.0,A,Argentina,SES
'Buenos Aires',de,Argentina,#119e15,#119e15,2,0.100022474687,SOUTH-AMERICA,3435910,-34.61315,-58.37723,P,Argentina,SES
'Kiew',de,Ukraine,#80b7f0,#80b7f0,2,0.100022410211,EUROPE,703448,50.45466,30.5238,P,Ukraine,WCE
'Madrid',de,Spain,#6beee6,#6beee6,2,0.100021402392,EUROPE-AFRICA,3117735,40.4165,-3.70256,P,Spain,MED
'Spanien',de,Spain,#6beee5,#6beee5,2,0.100021402392,EUROPE-AFRICA,2510769,40.0,-4.0,A,Spain,MED
'Bogotá',de,Colombia,#50e622,#50e622,2,0.10002014152,SOUTH-AMERICA,3688689,4.60971,-74.08175,P,Colombia,NWS
'Kolumbien',de,Colombia,#4de621,#4de621,2,0.10002014152,SOUTH-AMERICA,3686110,4.0,-73.25,A,Colombia,NWS
'Kenia',de,Kenya,#1b65e5,#1b65e5,2,0.100019457899,AFRICA,192950,1.0,38.0,A,Kenya,SEAF
'Nairobi',de,Kenya,#1967e2,#1967e2,2,0.100019457899,AFRICA,184745,-1.28333,36.81667,P,Kenya,SEAF
'Südkorea',de,South Korea,#ed63db,#ed63db,2,0.100019366613,ASIA,1835841,36.5,127.75,A,South Korea,EAS
'Seoul',de,South Korea,#ee66de,#ee66de,2,0.100019366613,ASIA,1835848,37.566,126.9784,P,South Korea,EAS
'Tansania',de,Tanzania,#1868d9,#1868d9,2,0.100017756203,AFRICA,149590,-6.0,35.0,A,Tanzania,SEAF
'Dodoma',de,Tanzania,#1866d8,#1866d8,2,0.100017756203,AFRICA,160196,-6.17221,35.73947,P,Tanzania,SEAF
'Pretoria',de,South Africa,#1367b0,#1367b0,2,0.10001730714,AFRICA,964137,-25.74486,28.18783,P,South Africa,ESAF
'Südafrika',de,South Africa,#126daa,#126daa,2,0.10001730714,AFRICA,953987,-29.0,24.0,A,South Africa,WSAF
'London',de,United Kingdom,#82f1f0,#82f1f0,2,0.100015040084,EUROPE,2643743,51.50853,-0.12574,P,United Kingdom,NEU
'Vereinigtes Königreich',de,United Kingdom,#89f1ed,#89f1ed,2,0.100015040084,EUROPE,2635167,54.75844,-2.69531,A,United Kingdom,NEU
'Frankreich',de,France,#77ebef,#77ebef,2,0.100014928215,EUROPE,3017382,46.0,2.0,A,France,WCE
'Paris',de,France,#7decf0,#7decf0,2,0.100014928215,EUROPE,2988507,48.85341,2.3488,P,France,WCE
'Thailand',de,Thailand,#b139e9,#b139e9,2,0.100014403302,ASIA,1605651,15.5,101.0,A,Thailand,SEA
'Bangkok',de,Thailand,#ae35e8,#ae35e8,2,0.100014403302,ASIA,1609350,13.75398,100.50144,P,Thailand,SEA
'Iran',de,Iran,#5a6bec,#5a6bec,2,0.100012224899,ASIA,130758,32.0,53.0,A,Iran,WCA
'Teheran',de,Iran,#6276ed,#6276ed,2,0.100012224899,ASIA,112931,35.69439,51.42151,P,Iran,WCA
'Kinshasa',de,Democratic Republic of the Congo,#18aadc,#18aadc,2,0.10001189512,AFRICA,2314302,-4.32758,15.31357,P,Democratic Republic of the Congo,CAF
'Demokratische Republik Kongo',de,Democratic Republic of the Congo,#1892e0,#1892e0,2,0.10001189512,AFRICA,203312,-2.5,23.5,A,Democratic Republic of the Congo,CAF
'Vietnam',de,Vietnam,#c53ae9,#c53ae9,2,0.100010466777,ASIA,1562822,16.16667,107.83333,A,Vietnam,SEA
'Hanoi',de,Vietnam,#c344ea,#c344ea,2,0.100010466777,ASIA,1581130,21.0245,105.84117,P,Vietnam,EAS
'Kairo',de,Egypt,#569eec,#569eec,2,0.100010160165,EUROPE-AFRICA,360630,30.06263,31.24967,P,Egypt,MED
'Ägypten',de,Egypt,#509eeb,#509eeb,2,0.100010160165,AFRICA,357994,27.0,30.0,A,Egypt,SAH
'Manila',de,Philippines,#e837e5,#e837e5,2,0.100009376296,ASIA,1701668,14.6042,120.9822,P,Philippines,SEA
'Philippinen',de,Philippines,#e834e0,#e834e0,2,0.100009376296,ASIA,1694008,13.40882,122.56155,A,Philippines,SEA
'Äthiopien',de,Ethiopia,#2b6be7,#2b6be7,2,0.10000915545,AFRICA,337996,9.0,39.5,A,Ethiopia,NEAF
'Addis Abeba',de,Ethiopia,#2b6ee7,#2b6ee7,2,0.10000915545,AFRICA,344979,9.02497,38.74689,P,Ethiopia,NEAF
'Mexiko',de,Mexico,#baea48,#baea48,2,0.100007924509,CENTRAL-AMERICA,3996063,23.0,-102.0,A,Mexico,NCA
'Mexiko-Stadt',de,Mexico,#afe941,#afe941,2,0.100007924509,CENTRAL-AMERICA,3530597,19.42847,-99.12766,P,Mexico,NCA
'Japan',de,Japan,#ed62bf,#ed62bf,2,0.10000790332,ASIA,1861060,35.68536,139.75309,A,Japan,EAS
'Tokio',de,Japan,#ed62bf,#ed62bf,2,0.10000790332,ASIA,1850147,35.6895,139.69171,P,Japan,EAS
'Moskau',de,Russia,#8bb1f2,#8bb1f2,2,0.100006921467,EUROPE,524901,55.75222,37.61556,P,Russia,WCE
'Bangladesch',de,Bangladesh,#9a4aea,#9a4aea,2,0.100006197475,ASIA,1210997,24.0,90.0,A,Bangladesh,SAS
'Dhaka',de,Bangladesh,#9b49ea,#9b49ea,2,0.100006197475,ASIA,1185241,23.7104,90.40744,P,Bangladesh,SAS
'Nigeria',de,Nigeria,#2dcee7,#2dcee7,2,0.100005105304,AFRICA,2328926,10.0,8.0,A,Nigeria,WAF
'Abuja',de,Nigeria,#2bd0e7,#2bd0e7,2,0.100005105304,AFRICA,2352778,9.05785,7.49508,P,Nigeria,WAF
'Brasilien',de,Brazil,#17d126,#17d126,2,0.100004773969,SOUTH-AMERICA,3469034,-10.0,-55.0,A,Brazil,SAM
'Brasilia',de,Brazil,#17d126,#17d126,2,0.100004773969,SOUTH-AMERICA,3469034,-10.0,-55.0,A,Brazil,SAM
'Islamabad',de,Pakistan,#7d5eed,#7d5eed,2,0.100004712202,ASIA,1176615,33.72148,73.04329,P,Pakistan,WCA
'Pakistan',de,Pakistan,#6f56ec,#6f56ec,2,0.100004712202,ASIA,1168579,30.0,70.0,A,Pakistan,WCA
'Jakarta',de,Indonesia,#ae18d8,#ae18d8,2,0.100003736035,ASIA,1642911,-6.21462,106.84513,P,Indonesia,SEA
'Indonesien',de,Indonesia,#db18db,#db18db,2,0.100003736035,ASIA,1643084,-5.0,120.0,A,Indonesia,SEA
'Washington',de,United States,#8eee68,#8eee68,2,0.100003056539,NORTH-AMERICA,4140963,38.89511,-77.03637,P,United States,ENA
'Vereinigte Staaten',de,United States,#bfee6a,#bfee6a,2,0.100003056539,NORTH-AMERICA,6252001,39.76,-98.5,A,United States,CNA
'Indien',de,India,#7a46ea,#7a46ea,2,0.100000739307,ASIA,1269750,22.0,79.0,A,India,SAS
'Neu-Delhi',de,India,#7f53eb,#7f53eb,2,0.100000739307,ASIA,1261481,28.62137,77.2148,P,India,SAS
'Peking',de,China,#e66aee,#e66aee,2,0.100000708326,ASIA,1816670,39.9075,116.39723,P,China,EAS
